Date,Topic
2023-10-09,We Just Saw What the World Is About to Become
2023-09-26,Death Toll Rises After Explosion at Nagorno-Karabakh Fuel Depot
2023-09-21,"After Surrender in Nagorno-Karabakh, Leaders Discuss Armenians’ Fate"
2023-09-19,Azerbaijan Begins a Military Operation in Nagorno-Karabakh
2023-09-29,Armenia: Cast Adrift in a Tough Neighborhood
2023-09-27,"A Stunningly Sudden End to a Long, Bloody Conflict in the Caucasus"
2023-09-24,Refugees Flee to Armenia as Breakaway Enclave Comes Under Azerbaijan’s Control
2023-09-20,"Azerbaijan Reclaims Armenian Enclave, Shifting Region’s Political Dynamics"
2023-09-21,"As Armenia and Azerbaijan Clash, Russia Is a Distracted Spectator"
2016-04-07,Solve the Nagorno-Karabakh Conflict Before It Explodes
2016-04-03,"Azerbaijan Claims to Halt Violence in Nagorno-Karabakh, but Warns Armenia"
2020-09-29,"In Nagorno-Karabakh, Signs of Escalating and Widening Conflict"
2016-04-02,Fighting Between Azerbaijan and Armenia Flares Up in Nagorno-Karabakh
2003-11-29,Nagorno-Karabakh : A conflict that can be resolved in time
2020-11-08,Azerbaijan Claims Capture of Key Town in Nagorno-Karabakh
2020-10-18,At Front Lines of a Brutal War: Death and Despair in Nagorno-Karabakh
2020-10-09,Azerbaijan and Armenia Agree to Cease-Fire in Nagorno-Karabakh
2023-09-28,Nagorno-Karabakh Government Says It Will Disband
2011-12-11,Paying for Babies in Nagorno-Karabakh
2020-10-17,"Armenia and Azerbaijan Reach New Cease-Fire for Nagorno-Karabakh, Then Report Violations"
2020-11-10,"Facing Military Debacle, Armenia Accepts a Deal in Nagorno-Karabakh War"
2020-11-10,"In Bitter Nagorno-Karabakh War, a Reordering of Regional Powers"
2016-04-18,"Amid Ethnic Conflict in Nagorno-Karabakh, an Oasis Thrives"
2020-12-11,"After Nagorno-Karabakh War, Trauma, Tragedy and Devastation"
2020-10-13,"For Nagorno-Karabakh’s Dueling Sides, Living Together Is ‘Impossible’"
2021-07-25,"In Nagorno-Karabakh, Land Mines, Bulldozers and Lingering Tensions"
2020-10-20,Lesson of the Day: ‘Armenia and Azerbaijan: The Conflict Explained’
2020-10-04,Armenia’s Leader Makes Plea to U.S. as Conflict Rages With Azerbaijan
2020-10-19,"Nagorno-Karabakh, Coronavirus, Thai Protests: Your Monday Briefing"
2020-12-01,"In Nagorno-Karabakh Peace Deal, Putin Applied a Deft New Touch"
2016-04-04,Ethnic Conflict Between Armenia and Azerbaijan Flares Anew
2012-06-19,Armenia and Azerbaijan Blame Each Other for Protracted War
2006-11-11,Briefly: Voters back sovereignty for Nagorno-Karabakh - Europe - International Herald Tribune
2020-11-16,"U.S. Election, Boris Johnson, Nagorno-Karabakh: Your Monday Briefing"
2020-10-08,The Conflict Between Armenia and Azerbaijan Could Spiral Out of Control
2011-05-31,‘Frozen Conflict’ Between Azerbaijan and Armenia Begins to Boil
2020-11-20,A Quick End to a Dangerous War
2008-10-02,Medvedev brokers Armenia-Azerbaijan dispute
2022-09-13,Armenia and Azerbaijan Clash Raises Fears of Broader Conflict
2022-09-24,Understanding the Dispute Between Armenia and Azerbaijan
2015-02-01,Armenia and Azerbaijan Clash With Increasing Ferocity Over Disputed Land
2020-10-03,Armenia and Azerbaijan: What Sparked War and Will Peace Prevail?
2015-01-31,Armenia and Azerbaijan Clash With Increasing Ferocity Over Disputed Land
2023-01-17,Renewed Armenia-Azerbaijan Conflict Underlines Russia’s Waning Influence
2014-11-24,Further Strains in Unresolved War Between Armenia and Azerbaijan Over Disputed Territory
2016-04-06,Armenia and Azerbaijan Halt Fighting on Border
1991-09-22,"Yeltsin, in Azerbaijan, Proposes Pact on Enclave"
1992-03-08,THE WORLD: Armenians and Azeris; A Blood Feud Only Worsens
2020-10-05,‘Then I Heard a Boom’: Heavy Weapons Take Toll on Civilians in Armenia-Azerbaijan Clash
1991-09-23,ARMENIA YIELDING CLAIM ON ENCLAVE
2023-09-28,Friday Briefing: New Trouble for China Evergrande
2023-09-27,"A Stunningly Sudden End to a Long, Bloody Conflict in the Caucasus"
2023-09-26,Death Toll Rises After Explosion at Nagorno-Karabakh Fuel Depot
2023-09-26,Hundreds Injured in Fuel Depot Explosion in Nagorno-Karabakh
2023-09-25,"Hundreds Injured After Fuel Depot Blast in Nagorno-Karabakh, Official Says"
2023-09-23,Fears and Chaos Grow in Nagorno-Karabakh After Takeover
2023-09-21,"Today’s Top News: McCarthy Won’t Host Forum for Zelensky, and More"
2023-09-20,Thursday Briefing: Climate and Ukraine at the U.N.
2023-09-02,Another Ethnic Cleansing Could Be Underway — and We’re Not Paying Attention
2023-08-10,‘Aurora’s Sunrise’ Review: A Patchwork Record of the Armenian Genocide
2023-05-11,How Russia’s Rich Get Their Luxuries Now
2004-07-15,Armenia
1990-01-22,Would Armenians Fire on Armenians?
2008-03-04,Demonstrations in Armenia
2013-07-24,This Armenian Life
2010-09-21,Waiting for Armenia
2010-03-05,Speaking Not as an Armenian…
1999-10-30,Armenia's Tragedy
2007-01-21,Armenian in Istanbul
2003-02-19,Rich Armenia vs. Poor Armenia in Presidential Election
2005-12-13,Armenians Celebrate Their Letters
2015-04-13,The Kardashians Show Support for Armenia
1998-02-09,Armenia's Turmoil
2003-06-15,Imagining Armenia
2016-04-21,Survivors of the Armenian Genocide
1994-04-24,The Daughters of Armenia
2016-04-21,Survivors of the Armenian Genocide
2006-04-19,Asking About Armenia
2015-04-24,Remembering the Armenian Genocide
2009-05-28,Showcase: The Ghosts of Armenia
2012-02-23,The Key to Armenia's Survival
2023-03-14,How Much Do You Know About Armenia?
2015-03-03,An Armenian Hero at the Garden
1993-04-25,The Slaughter of the Armenians
1974-06-22,Dance: Armenians Present Armenians
2013-12-25,An Armenian Christmas Surprise
2009-08-31,Turkey and Armenia to Establish Diplomatic Ties
2006-05-16,"Turkey, Armenia and Denial"
2006-05-16,"Turkey, Armenia and Denial"
2007-08-23,Denying the Armenian genocide
2012-10-05,"In Armenia, Art in the Shadow of Ararat"
2009-05-28,Showcase: The Ghosts of Armenia
2005-04-18,Armenian-Turkish Dispute
2008-03-07,Dark Days in Armenia
1989-01-09,Armenian Benefit
1990-01-20,Upheaval in the East: Armenians;   ARMENIANS REFUSE TO LEAVE A PLANE
2006-05-15,"Turkey, Armenia and denial"
1994-10-09,Armenians And Identity
1988-02-28,ARMENIA AT A GLANCE
2008-10-17,Songs Lifted in Praise of an Armenian Hero
2007-10-15,Turk warns against House genocide motion
2022-03-17,UNESCO will send body armor to Ukrainian journalists.
2006-10-11,"Turks must recognize 'genocide,' Royal says - Europe - International Herald Tribune"
1993-07-23,Cash Incentives for Human Rights
2000-07-31,This Week
1992-01-07,Embattled Georgian Leader Flees; Opposition Council Claims Power
2016-04-06,Risk of Collapse at Jesus’ Tomb Unites Rival Christians
2016-01-26,Undoing Years of Progress in Turkey
1976-07-27,Lebanese Fighting Goes On in Defiance of New Pact
1988-12-18,"From Soviet Quake, Echoes Widen"
2000-10-09,WRITERS ON WRITING; Starting With a Tree and Finally Getting to the Death of a Brother
2012-10-02,"Fighting and Chaos Spread Through Syrian City, as Services Vanish"
2007-11-14,Georgia rebuts its critics; IQ and DNA
2006-08-20,"Sun and Surf, but Also Lines in the ‘Russian’ Sand"
2006-08-20,"Sun and Surf, but Also Lines in the ‘Russian’ Sand"
2000-10-08,A Hidden Empire in Turkey
1975-01-20,SHOP TALK
1982-07-24,BEIRUT'S SMELL OF DEATH
2003-04-08,Nattily Attired for a Striptease
1971-01-21,The Depression Taught Him to Cook
2023-10-09,We Just Saw What the World Is About to Become
2023-10-13,Haley Hits Trump and Ramaswamy Over Israel Remarks: ‘That’s Not What We Need’
2023-09-29,Armenia: Cast Adrift in a Tough Neighborhood
2023-09-27,"A Stunningly Sudden End to a Long, Bloody Conflict in the Caucasus"
2023-09-24,Refugees Flee to Armenia as Breakaway Enclave Comes Under Azerbaijan’s Control
2023-09-21,"After Surrender in Nagorno-Karabakh, Leaders Discuss Armenians’ Fate"
2023-09-26,Death Toll Rises After Explosion at Nagorno-Karabakh Fuel Depot
2023-09-20,"Azerbaijan Reclaims Armenian Enclave, Shifting Region’s Political Dynamics"
2023-09-21,"As Armenia and Azerbaijan Clash, Russia Is a Distracted Spectator"
2023-09-19,Azerbaijan Begins a Military Operation in Nagorno-Karabakh
2020-10-18,At Front Lines of a Brutal War: Death and Despair in Nagorno-Karabakh
1874-04-27,THE CATH0LIC ARMENIAN CONFLICT.
1948-09-15,Janitor's Dream of Building a Schoolhouse In Armenia Faces the Conflict of Ideologies
2020-10-04,Armenia’s Leader Makes Plea to U.S. as Conflict Rages With Azerbaijan
2022-09-13,Armenia and Azerbaijan Clash Raises Fears of Broader Conflict
2020-10-20,Lesson of the Day: ‘Armenia and Azerbaijan: The Conflict Explained’
2012-06-19,Armenia and Azerbaijan Blame Each Other for Protracted War
2020-09-29,"In Nagorno-Karabakh, Signs of Escalating and Widening Conflict"
2020-10-08,The Conflict Between Armenia and Azerbaijan Could Spiral Out of Control
2022-09-17,Nancy Pelosi Visits Armenia Amid Conflict With Azerbaijan
2016-04-04,Ethnic Conflict Between Armenia and Azerbaijan Flares Anew
2011-05-31,‘Frozen Conflict’ Between Azerbaijan and Armenia Begins to Boil
2020-09-27,Fighting Flares Between Azerbaijan and Armenia
1978-06-26,Georgian and Armenian Pride Lead to Conflicts With Moscow
1978-06-26,Georgian and Armenian Pride Lead to Conflicts With Moscow
1962-01-09,BELGIAN AIRLINER LANDS IN ARMENIA; Sabena Aides Blame MIG's --Reports Are in Conflict Belgian Plane Lands in Soviet; Sabena Officials Blame MIG's Plane Due at Istanbul No Word of Firing Iran Seeks Passengers 150 Dead in Air Incidents
2020-10-06,"Trump, Coronavirus, Armenia-Azerbaijan Conflict: Your Tuesday Briefing"
1984-11-27,CONCERT: ARMENIAN SONGS AND DANCES PERFORMED
1989-01-22,THE WORLD: Armenians vs. Azerbaijanis; How Moscow Hopes to Defuse an Ancient Ethnic Conflict
2023-01-17,Renewed Armenia-Azerbaijan Conflict Underlines Russia’s Waning Influence
1961-05-06,Khrushchev Visits Armenia
1956-08-18,Armenian Church Unit Leaves
1961-11-01,"VAHAN KURKJIAN, 98, OF ARMENIAN GROUP"
1980-03-01,Most Armenians in Beirut Support Attacks on Turks; 2 Armenian Activist Groups Series of Terrorist Attacks Greek Cypriot Role Denied
1956-07-26,THE ARMENIAN EXILES
1955-10-02,Armenian Primate Named
1951-12-01,SOVIET ARMENIA
1958-07-01,Plane Over Armenia
1965-04-24,Armenia Remembers
1954-08-17,Armenian Leader Ousted
1947-05-03,SURVIVAL OF ARMENIA LAID TO CHRISTIANITY
1959-04-05,Armenian Study Unit to Meet
1959-05-25,MEMORIAL TO WILSON; Williams Tells Armenians He Will Propose It in Senate Bill
1962-04-18,12 IN ARMENIA JAILED; Moscow Charges Them With Speculation in Currency
1980-02-18,"Rev. Antriganik Bedikian, Pastor Of Armenian Church and a Writer"
1954-05-15,Armenian Bishops to Convene
1965-05-08,Armenian Applause Holds The Cleveland Orchestra
1960-05-21,"ARMENIA PRIMATE HERE; Head of Church, on First Visit, Denies Religious Restriction"
1969-04-07,Church Focal Point of Dispersed Armenians; Patriarch in Soviet Says It Also Has National Role
1965-05-01,Armenian Genocide
1960-07-25,JERSEY CHURCH BLESSED; Armenian Patriarch Attends Tenafly Ground-Breaking
1956-06-04,Armenian Day Marked Here
1965-05-01,Armenian Church to Build a Cathedral on 2d Avenue
1954-04-03,SOVIET ARMENIA ELECTS; New Head of State Chosen by Governing Organization
1957-06-03,500 AT ARMENIAN FETE; Brief Freedom of Nation Is Marked at Rally Here
1954-02-26,Soviet Armenian Aide Ousted
1954-10-14,"EMIGRES AIR TERROR IN ARMENIA, GEORGIA"
1958-03-30,SOLAR POWER IN ARARAT; Soviet Plans World's Biggest Station in Armenia
1948-06-01,Armenian Emigration Reported
1957-07-18,Home-Made Armenia Has Been Fashioned in Yonkers by Versatile Artist; Armenia Blooms in Yonkers Yard As Artist Re-Creates Birthplace
1980-01-18,'Incentives' in an Armenian Pump Factory
1962-01-23,Armenian Heritage Preserved In Engraver's Church Models; 3 Weeks' Work Roamed the Country
1969-04-11,Armenian Prelate Arrives for Tour Of Parishes in U.S.
1946-08-15,Armenians Leave Greece
1980-05-25,"ARMENIANS LEAVING SOVIET FOR THE U.S; Washington Is Expected to Grant Visas to About 7,000 in 1980 Trickle Has Become a Flood Many Are Highly Skilled "
1963-05-06,Armenian Orthodox Church Elects Lebanese Its Leader
1947-10-20,Armenians Leaving Palestine
1946-08-29,'Greater Armenia' Maps Include Sixth of Turkey
1941-07-29,Armenians Oppose Hitlerism
1947-09-12,Armenian Mistreatment Alleged
1951-01-31,"KRIKOR ARABIAN, 118, FLED ARMENIA IN 1910"
1956-04-01,ARCHBISHOP TIRAYRE OF ARMENIAN CHURCH
1946-10-19,"Influx to Soviet Armenia From Balkans, Near East"
1935-03-03,Armenia.
1946-07-15,"2,300 Armenians Leave Syria"
1955-09-21,28 FLY TO ARMENIA; U. S. and Canadian Delegates Go to Church Convocation
1948-09-15,Janitor's Dream of Building a Schoolhouse In Armenia Faces the Conflict of Ideologies
1938-04-24,Stalin Nominated in Armenia
1958-09-15,SOVIET SILENT ON FLIERS; U. S. Embassy Gets No Reply on 11 Missing in Armenia
1956-02-18,SCHISM IS WIDENING IN ARMENIAN CHURCH
1993-06-13,Azerbaijan Says Armenians Are Gaining Ground in Heavy Fighting
2022-09-17,Nancy Pelosi visits Armenia after outbreak of deadly fighting with Azerbaijan.
2004-07-15,Azerbaijan
2020-10-10,"Fighting Eases, Briefly, After Cease-Fire Between Armenia and Azerbaijan"
2009-11-12,Azerbaijan: Bloggers Convicted
2016-04-02,Fighting Between Azerbaijan and Armenia Flares Up in Nagorno-Karabakh
2020-09-29,"In Nagorno-Karabakh, Signs of Escalating and Widening Conflict"
1993-08-28,War in Azerbaijan Spurs Exodus
2015-01-08,Azerbaijan Snubs the West
2020-10-09,Azerbaijan and Armenia Agree to Cease-Fire in Nagorno-Karabakh
2016-04-04,Ethnic Conflict Between Armenia and Azerbaijan Flares Anew
2016-04-03,"Azerbaijan Claims to Halt Violence in Nagorno-Karabakh, but Warns Armenia"
1993-04-13,Iranians Deliver a Warning To Azerbaijan and Armenia
1992-05-16,Revolt in Capital of Azerbaijan
2012-06-19,Armenia and Azerbaijan Blame Each Other for Protracted War
2020-11-08,Azerbaijan Claims Capture of Key Town in Nagorno-Karabakh
2005-11-06,Fraud claimed in Azerbaijan voting
2013-02-06,2 Azeri Opposition Leaders Are Charged With Inciting Riots
2008-10-02,Medvedev brokers Armenia-Azerbaijan dispute
2022-09-18,"Pelosi, in Armenia, Condemns Azerbaijan Over Clashes"
2020-11-09,"Azerbaijan Apologizes for Downing Russian Helicopter, Killing Two"
2020-10-27,"Roots of War: When Armenia Talked Tough, Azerbaijan Took Action"
2008-10-23,Azerbaijan finds itself in a geopolitical pinch
2008-10-23,"A Northern Neighbor Growls, and Azerbaijan Reassesses Its Options"
2023-09-19,Azerbaijan Begins a Military Operation in Nagorno-Karabakh
2022-09-17,Nancy Pelosi Visits Armenia Amid Conflict With Azerbaijan
2008-10-23,Azerbaijan finds itself in a geopolitical pinch
2011-04-04,Opposition in Azerbaijan Vows to Step Up Protests
1992-09-23,AZERBAIJANIS OPEN A MAJOR OFFENSIVE
2020-10-03,Armenia and Azerbaijan: What Sparked War and Will Peace Prevail?
2005-11-08,Observers criticize Azeri vote
2020-10-04,Armenia’s Leader Makes Plea to U.S. as Conflict Rages With Azerbaijan
1993-04-02,New Hostilities Threaten Azerbaijan Peace Talks
2023-09-20,"Azerbaijan Reclaims Armenian Enclave, Shifting Region’s Political Dynamics"
2020-10-20,Lesson of the Day: ‘Armenia and Azerbaijan: The Conflict Explained’
2020-11-15,"After War Between Armenia and Azerbaijan, Peace Sees Winners and Losers Swap Places"
2006-02-12,Armenia and Azerbaijan Remain Stalled in Talks
1993-05-27,Armenia and Azerbaijan Agree on a Peace Plan
1990-01-16,Upheaval in the East: Azerbaijan;   GORBACHEV ISSUES EMERGENCY DECREE OVER AZERBAIJAN
2000-12-10,Effort to Repair Armenia and Azerbaijan Ties
1992-03-07,Angry Azerbaijanis Impel Chief to Quit
1991-11-27,AZERBAIJAN ACTS ON WAR READINESS
1992-03-12,Turk Warns of a Religious War in Azerbaijan
2023-09-21,"As Armenia and Azerbaijan Clash, Russia Is a Distracted Spectator"
1992-05-20,Azerbaijan Communists Yield to Nationalists
1946-05-21,Ghavam Confirms Fighting; Tabriz Tells of New Blows; AZERBAIJAN ALLEGES ANOTHER ONSLAUGHT
2001-02-20,Armenia and Azerbaijan Signal Progress in Talks on Enclave
2005-10-07,Three Indicted for Bribery in Oil Scheme in Azerbaijan
2022-09-13,Armenia and Azerbaijan Clash Raises Fears of Broader Conflict
1991-09-02,Congresswoman Calls For U.N. Role in Azerbaijan
2016-04-04,Ethnic Conflict Between Armenia and Azerbaijan Flares Anew
1988-06-12,Azerbaijan Violence Reported
1988-03-01,Soviet Reports a Major Oil Center In Azerbaijan Is Shaken by Riots
2013-01-27,Mexico: Statue of Ex-Leader of Azerbaijan Removed
1993-06-15,AZERBAIJAN CHIEF FIGHTS REBELLION
2022-09-18,"Pelosi, in Armenia, Condemns Azerbaijan Over Clashes"
1962-12-24,7 in Azerbaijan Sentenced To Die for Safe Breaking
2016-04-06,Armenia and Azerbaijan Halt Fighting on Border
2020-11-09,"Azerbaijan Apologizes for Downing Russian Helicopter, Killing Two"
2020-10-09,Azerbaijan and Armenia Agree to Cease-Fire in Nagorno-Karabakh
2006-02-10,Armenia and Azerbaijan seek solution
2014-11-24,Further Strains in Unresolved War Between Armenia and Azerbaijan Over Disputed Territory
2016-04-03,"Azerbaijan Claims to Halt Violence in Nagorno-Karabakh, but Warns Armenia"
2020-10-17,"Armenia and Azerbaijan Reach New Cease-Fire for Nagorno-Karabakh, Then Report Violations"
2020-09-27,Fighting Flares Between Azerbaijan and Armenia
1990-01-16,Upheaval in the East: Azerbaijan;   GORBACHEV ISSUES EMERGENCY DECREE OVER AZERBAIJAN
2015-01-12,The Two Faces of Azerbaijan’s Mr. Aliyev
2020-11-15,"After War Between Armenia and Azerbaijan, Peace Sees Winners and Losers Swap Places"
2022-09-17,Nancy Pelosi Visits Armenia Amid Conflict With Azerbaijan
2020-10-27,"Roots of War: When Armenia Talked Tough, Azerbaijan Took Action"
2006-12-24,Azerbaijan Protests Prompt Fears of Iranian Influence
2009-02-11,Shooting kills head of Azeri air force
1992-09-25,Fighting Intensifies in Armenian-Azerbaijani War
2013-06-26,Azerbaijan Gas to Take a Southern Route
2023-09-20,"Azerbaijan Reclaims Armenian Enclave, Shifting Region’s Political Dynamics"
2011-06-24,Azerbaijan and Armenia Fail to End Enclave Dispute
2006-12-24,Azerbaijan Protests Prompt Fears of Iranian Influence
2014-05-03,"In Azerbaijan, Carlsen Wins When It Counts"
1992-03-07,Angry Azerbaijanis Impel Chief to Quit
2012-03-02,Azerbaijan’s Leaders Yield After a Rare Public Protest
2020-09-28,Fighting Between Armenia and Azerbaijan Risks Drawing in Bigger Powers
1988-03-09,Soviet Armenians Mourn Their Dead
2014-04-26,World Champion Shows Vulnerability in Azerbaijan
1988-12-06,Troops Clear Protesters In Azerbaijani Square
2020-10-20,Lesson of the Day: ‘Armenia and Azerbaijan: The Conflict Explained’
2004-10-27,Azeri Will Join a Strong Field in Classic
2001-02-20,Armenia and Azerbaijan Signal Progress in Talks on Enclave
2000-07-24,Hope Erodes for Azerbaijan's Sea of Refugees
1994-06-02,"Azerbaijan, Potentially Rich, Is Impoverished by Warfare"
1992-03-08,THE WORLD: Armenians and Azeris; A Blood Feud Only Worsens
2022-09-13,Armenia and Azerbaijan Clash Raises Fears of Broader Conflict
1988-06-21,Violence Reported After Azerbaijanis 'Incite' Armenians
1990-08-23,Soviets Oust Armenia Rebels in Azerbaijan
2023-01-27,"Gunman Attacks Azerbaijan Embassy in Tehran, Killing the Head of Security"
2011-08-10,Middle-Class Families Face Evictions in Azerbaijan
1990-01-25,  MOSCOW ARRESTS AZERBAIJAN REBELS
1988-06-14,STRIFE AGAIN GRIPS SOVIET ARMENIANS AND AZERBAIJANIS
1989-09-17,Violence Flares Again in Azerbaijan Republic
1990-01-21,"UPHEAVAL IN THE EAST: Azerbaijan;   SOVIET MILITARY TAKES CONTROL OF BAKU; SCORES OF AZERBAIJANIS KILLED; COUP AVERTED, GORBACHEV SAYS"
1991-09-24,Armenia and Azerbaijan Sign a Peace Agreement
